,FIPS,Lat,Long_,01-22-2020,01-23-2020,01-24-2020,01-25-2020,01-26-2020,01-27-2020,01-28-2020,01-29-2020,01-30-2020,01-31-2020,02-01-2020,02-02-2020,02-03-2020,02-04-2020,02-05-2020,02-06-2020,02-07-2020,02-08-2020,02-09-2020,02-10-2020,02-11-2020,02-12-2020,02-13-2020,02-14-2020,02-15-2020,02-16-2020,02-17-2020,02-18-2020,02-19-2020,02-20-2020,02-21-2020,02-22-2020,02-23-2020,02-24-2020,02-25-2020,02-26-2020,02-27-2020,02-28-2020,02-29-2020,03-01-2020,03-02-2020,03-03-2020,03-04-2020,03-05-2020,03-06-2020,03-07-2020,03-08-2020,03-09-2020,03-10-2020,03-11-2020,03-12-2020,03-13-2020,03-14-2020,03-15-2020,03-16-2020,03-17-2020,03-18-2020,03-19-2020,03-20-2020,03-21-2020,03-22-2020,03-23-2020,03-24-2020,03-25-2020,03-26-2020,03-27-2020,03-28-2020,03-29-2020,03-30-2020,03-31-2020,04-01-2020,04-02-2020,04-03-2020,04-04-2020,04-05-2020,04-06-2020,04-07-2020,04-08-2020,04-09-2020,04-10-2020,04-11-2020,04-12-2020,04-13-2020,04-14-2020,04-15-2020,04-16-2020,04-17-2020,04-18-2020,04-19-2020,04-20-2020,04-21-2020,04-22-2020
0,17031,41.84144849,-87.81658794,NAN,NAN,NAN,NAN,NAN,NAN,NAN,NAN,NAN,NAN,NAN,NAN,NAN,NAN,NAN,NAN,NAN,NAN,NAN,NAN,NAN,NAN,NAN,NAN,NAN,NAN,NAN,NAN,NAN,NAN,NAN,NAN,NAN,NAN,NAN,NAN,NAN,NAN,NAN,NAN,NAN,NAN,NAN,NAN,NAN,NAN,NAN,NAN,NAN,NAN,NAN,NAN,NAN,NAN,NAN,NAN,NAN,NAN,NAN,NAN,NAN,NAN,NAN,NAN,NAN,NAN,NAN,NAN,NAN,NAN,NAN,NAN,NAN,NAN,NAN,NAN,NAN,NAN,NAN,NAN,NAN,NAN,NAN,NAN,NAN,NAN,NAN,NAN,NAN,NAN,NAN,NAN
1,17197,41.44619267,-87.97862712,NAN,NAN,NAN,NAN,NAN,NAN,NAN,NAN,NAN,NAN,NAN,NAN,NAN,NAN,NAN,NAN,NAN,NAN,NAN,NAN,NAN,NAN,NAN,NAN,NAN,NAN,NAN,NAN,NAN,NAN,NAN,NAN,NAN,NAN,NAN,NAN,NAN,NAN,NAN,NAN,NAN,NAN,NAN,NAN,NAN,NAN,NAN,NAN,NAN,NAN,NAN,NAN,NAN,NAN,NAN,NAN,NAN,NAN,NAN,NAN,NAN,NAN,NAN,NAN,NAN,NAN,NAN,NAN,NAN,NAN,NAN,NAN,NAN,NAN,NAN,NAN,NAN,NAN,NAN,NAN,NAN,NAN,NAN,NAN,NAN,NAN,NAN,NAN,NAN,NAN,NAN,NAN
2,17043,41.85116968,-88.08642662,NAN,NAN,NAN,NAN,NAN,NAN,NAN,NAN,NAN,NAN,NAN,NAN,NAN,NAN,NAN,NAN,NAN,NAN,NAN,NAN,NAN,NAN,NAN,NAN,NAN,NAN,NAN,NAN,NAN,NAN,NAN,NAN,NAN,NAN,NAN,NAN,NAN,NAN,NAN,NAN,NAN,NAN,NAN,NAN,NAN,NAN,NAN,NAN,NAN,NAN,NAN,NAN,NAN,NAN,NAN,NAN,NAN,NAN,NAN,NAN,NAN,NAN,NAN,NAN,NAN,NAN,NAN,NAN,NAN,NAN,NAN,NAN,NAN,NAN,NAN,NAN,NAN,NAN,NAN,NAN,NAN,NAN,NAN,NAN,NAN,NAN,NAN,NAN,NAN,NAN,NAN,NAN
3,01073,33.55554728,-86.89506300000002,NAN,NAN,NAN,NAN,NAN,NAN,NAN,NAN,NAN,NAN,NAN,NAN,NAN,NAN,NAN,NAN,NAN,NAN,NAN,NAN,NAN,NAN,NAN,NAN,NAN,NAN,NAN,NAN,NAN,NAN,NAN,NAN,NAN,NAN,NAN,NAN,NAN,NAN,NAN,NAN,NAN,NAN,NAN,NAN,NAN,NAN,NAN,NAN,NAN,NAN,NAN,NAN,NAN,NAN,NAN,NAN,NAN,NAN,NAN,NAN,NAN,NAN,NAN,NAN,NAN,NAN,NAN,NAN,NAN,NAN,NAN,NAN,NAN,NAN,NAN,NAN,NAN,NAN,NAN,NAN,NAN,NAN,NAN,NAN,NAN,NAN,NAN,NAN,NAN,NAN,NAN,NAN
4,26161,42.253105,-83.83853204,NAN,NAN,NAN,NAN,NAN,NAN,NAN,NAN,NAN,NAN,NAN,NAN,NAN,NAN,NAN,NAN,NAN,NAN,NAN,NAN,NAN,NAN,NAN,NAN,NAN,NAN,NAN,NAN,NAN,NAN,NAN,NAN,NAN,NAN,NAN,NAN,NAN,NAN,NAN,NAN,NAN,NAN,NAN,NAN,NAN,NAN,NAN,NAN,NAN,NAN,NAN,NAN,NAN,NAN,NAN,NAN,NAN,NAN,NAN,NAN,NAN,NAN,NAN,NAN,NAN,NAN,NAN,NAN,NAN,NAN,NAN,NAN,NAN,NAN,NAN,NAN,NAN,NAN,NAN,NAN,NAN,NAN,NAN,NAN,NAN,NAN,NAN,NAN,NAN,NAN,NAN,NAN
5,26163,42.28098405,-83.281255,NAN,NAN,NAN,NAN,NAN,NAN,NAN,NAN,NAN,NAN,NAN,NAN,NAN,NAN,NAN,NAN,NAN,NAN,NAN,NAN,NAN,NAN,NAN,NAN,NAN,NAN,NAN,NAN,NAN,NAN,NAN,NAN,NAN,NAN,NAN,NAN,NAN,NAN,NAN,NAN,NAN,NAN,NAN,NAN,NAN,NAN,NAN,NAN,NAN,NAN,NAN,NAN,NAN,NAN,NAN,NAN,NAN,NAN,NAN,NAN,NAN,NAN,NAN,NAN,NAN,NAN,NAN,NAN,NAN,NAN,NAN,NAN,NAN,NAN,NAN,NAN,NAN,NAN,NAN,NAN,NAN,NAN,NAN,NAN,NAN,NAN,NAN,NAN,NAN,NAN,NAN,NAN
6,36029,42.76249024,-78.73063652,NAN,NAN,NAN,NAN,NAN,NAN,NAN,NAN,NAN,NAN,NAN,NAN,NAN,NAN,NAN,NAN,NAN,NAN,NAN,NAN,NAN,NAN,NAN,NAN,NAN,NAN,NAN,NAN,NAN,NAN,NAN,NAN,NAN,NAN,NAN,NAN,NAN,NAN,NAN,NAN,NAN,NAN,NAN,NAN,NAN,NAN,NAN,NAN,NAN,NAN,NAN,NAN,NAN,NAN,NAN,NAN,NAN,NAN,NAN,NAN,NAN,NAN,NAN,NAN,NAN,NAN,NAN,NAN,NAN,NAN,NAN,NAN,NAN,NAN,NAN,NAN,NAN,NAN,NAN,NAN,NAN,NAN,NAN,NAN,NAN,NAN,NAN,NAN,NAN,NAN,NAN,NAN
7,25027,42.35026951,-71.90493363,NAN,NAN,NAN,NAN,NAN,NAN,NAN,NAN,NAN,NAN,NAN,NAN,NAN,NAN,NAN,NAN,NAN,NAN,NAN,NAN,NAN,NAN,NAN,NAN,NAN,NAN,NAN,NAN,NAN,NAN,NAN,NAN,NAN,NAN,NAN,NAN,NAN,NAN,NAN,NAN,NAN,NAN,NAN,NAN,NAN,NAN,NAN,NAN,NAN,NAN,NAN,NAN,NAN,NAN,NAN,NAN,NAN,NAN,NAN,NAN,NAN,NAN,NAN,NAN,NAN,NAN,NAN,NAN,NAN,NAN,NAN,NAN,NAN,NAN,NAN,NAN,NAN,NAN,NAN,NAN,NAN,NAN,NAN,NAN,NAN,NAN,NAN,NAN,NAN,NAN,NAN,NAN
8,01097,30.78472347,-88.20842409,NAN,NAN,NAN,NAN,NAN,NAN,NAN,NAN,NAN,NAN,NAN,NAN,NAN,NAN,NAN,NAN,NAN,NAN,NAN,NAN,NAN,NAN,NAN,NAN,NAN,NAN,NAN,NAN,NAN,NAN,NAN,NAN,NAN,NAN,NAN,NAN,NAN,NAN,NAN,NAN,NAN,NAN,NAN,NAN,NAN,NAN,NAN,NAN,NAN,NAN,NAN,NAN,NAN,NAN,NAN,NAN,NAN,NAN,NAN,NAN,NAN,NAN,NAN,NAN,NAN,NAN,NAN,NAN,NAN,NAN,NAN,NAN,NAN,NAN,NAN,NAN,NAN,NAN,NAN,NAN,NAN,NAN,NAN,NAN,NAN,NAN,NAN,NAN,NAN,NAN,NAN,NAN
9,25013,42.13440424,-72.63235561,NAN,NAN,NAN,NAN,NAN,NAN,NAN,NAN,NAN,NAN,NAN,NAN,NAN,NAN,NAN,NAN,NAN,NAN,NAN,NAN,NAN,NAN,NAN,NAN,NAN,NAN,NAN,NAN,NAN,NAN,NAN,NAN,NAN,NAN,NAN,NAN,NAN,NAN,NAN,NAN,NAN,NAN,NAN,NAN,NAN,NAN,NAN,NAN,NAN,NAN,NAN,NAN,NAN,NAN,NAN,NAN,NAN,NAN,NAN,NAN,NAN,NAN,NAN,NAN,NAN,NAN,NAN,NAN,NAN,NAN,NAN,NAN,NAN,NAN,NAN,NAN,NAN,NAN,NAN,NAN,NAN,NAN,NAN,NAN,NAN,NAN,NAN,NAN,NAN,NAN,NAN,NAN
10,25009,42.6687626,-70.94687179,NAN,NAN,NAN,NAN,NAN,NAN,NAN,NAN,NAN,NAN,NAN,NAN,NAN,NAN,NAN,NAN,NAN,NAN,NAN,NAN,NAN,NAN,NAN,NAN,NAN,NAN,NAN,NAN,NAN,NAN,NAN,NAN,NAN,NAN,NAN,NAN,NAN,NAN,NAN,NAN,NAN,NAN,NAN,NAN,NAN,NAN,NAN,NAN,NAN,NAN,NAN,NAN,NAN,NAN,NAN,NAN,NAN,NAN,NAN,NAN,NAN,NAN,NAN,NAN,NAN,NAN,NAN,NAN,NAN,NAN,NAN,NAN,NAN,NAN,NAN,NAN,NAN,NAN,NAN,NAN,NAN,NAN,NAN,NAN,NAN,NAN,NAN,NAN,NAN,NAN,NAN,NAN
11,36119,41.16278376,-73.75741653,NAN,NAN,NAN,NAN,NAN,NAN,NAN,NAN,NAN,NAN,NAN,NAN,NAN,NAN,NAN,NAN,NAN,NAN,NAN,NAN,NAN,NAN,NAN,NAN,NAN,NAN,NAN,NAN,NAN,NAN,NAN,NAN,NAN,NAN,NAN,NAN,NAN,NAN,NAN,NAN,NAN,NAN,NAN,NAN,NAN,NAN,NAN,NAN,NAN,NAN,NAN,NAN,NAN,NAN,NAN,NAN,NAN,NAN,NAN,NAN,NAN,NAN,NAN,NAN,NAN,NAN,NAN,NAN,NAN,NAN,NAN,NAN,NAN,NAN,NAN,NAN,NAN,NAN,NAN,NAN,NAN,NAN,NAN,NAN,NAN,NAN,NAN,NAN,NAN,NAN,NAN,NAN
12,25005,41.79228404,-71.10872211,NAN,NAN,NAN,NAN,NAN,NAN,NAN,NAN,NAN,NAN,NAN,NAN,NAN,NAN,NAN,NAN,NAN,NAN,NAN,NAN,NAN,NAN,NAN,NAN,NAN,NAN,NAN,NAN,NAN,NAN,NAN,NAN,NAN,NAN,NAN,NAN,NAN,NAN,NAN,NAN,NAN,NAN,NAN,NAN,NAN,NAN,NAN,NAN,NAN,NAN,NAN,NAN,NAN,NAN,NAN,NAN,NAN,NAN,NAN,NAN,NAN,NAN,NAN,NAN,NAN,NAN,NAN,NAN,NAN,NAN,NAN,NAN,NAN,NAN,NAN,NAN,NAN,NAN,NAN,NAN,NAN,NAN,NAN,NAN,NAN,NAN,NAN,NAN,NAN,NAN,NAN,NAN
13,25021,42.16073095,-71.20530408,NAN,NAN,NAN,NAN,NAN,NAN,NAN,NAN,NAN,NAN,NAN,NAN,NAN,NAN,NAN,NAN,NAN,NAN,NAN,NAN,NAN,NAN,NAN,NAN,NAN,NAN,NAN,NAN,NAN,NAN,NAN,NAN,NAN,NAN,NAN,NAN,NAN,NAN,NAN,NAN,NAN,NAN,NAN,NAN,NAN,NAN,NAN,NAN,NAN,NAN,NAN,NAN,NAN,NAN,NAN,NAN,NAN,NAN,NAN,NAN,NAN,NAN,NAN,NAN,NAN,NAN,NAN,NAN,NAN,NAN,NAN,NAN,NAN,NAN,NAN,NAN,NAN,NAN,NAN,NAN,NAN,NAN,NAN,NAN,NAN,NAN,NAN,NAN,NAN,NAN,NAN,NAN
14,04013,33.34835867,-112.49181540000001,NAN,NAN,NAN,NAN,NAN,NAN,NAN,NAN,NAN,NAN,NAN,NAN,NAN,NAN,NAN,NAN,NAN,NAN,NAN,NAN,NAN,NAN,NAN,NAN,NAN,NAN,NAN,NAN,NAN,NAN,NAN,NAN,NAN,NAN,NAN,NAN,NAN,NAN,NAN,NAN,NAN,NAN,NAN,NAN,NAN,NAN,NAN,NAN,NAN,NAN,NAN,NAN,NAN,NAN,NAN,NAN,NAN,NAN,NAN,NAN,NAN,NAN,NAN,NAN,NAN,NAN,NAN,NAN,NAN,NAN,NAN,NAN,NAN,NAN,NAN,NAN,NAN,NAN,NAN,NAN,NAN,NAN,NAN,NAN,NAN,NAN,NAN,NAN,NAN,NAN,NAN,NAN
15,18097,39.78163624,-86.13826325,NAN,NAN,NAN,NAN,NAN,NAN,NAN,NAN,NAN,NAN,NAN,NAN,NAN,NAN,NAN,NAN,NAN,NAN,NAN,NAN,NAN,NAN,NAN,NAN,NAN,NAN,NAN,NAN,NAN,NAN,NAN,NAN,NAN,NAN,NAN,NAN,NAN,NAN,NAN,NAN,NAN,NAN,NAN,NAN,NAN,NAN,NAN,NAN,NAN,NAN,NAN,NAN,NAN,NAN,NAN,NAN,NAN,NAN,NAN,NAN,NAN,NAN,NAN,NAN,NAN,NAN,NAN,NAN,NAN,NAN,NAN,NAN,NAN,NAN,NAN,NAN,NAN,NAN,NAN,NAN,NAN,NAN,NAN,NAN,NAN,NAN,NAN,NAN,NAN,NAN,NAN,NAN
16,18057,40.07306535,-86.05244729,NAN,NAN,NAN,NAN,NAN,NAN,NAN,NAN,NAN,NAN,NAN,NAN,NAN,NAN,NAN,NAN,NAN,NAN,NAN,NAN,NAN,NAN,NAN,NAN,NAN,NAN,NAN,NAN,NAN,NAN,NAN,NAN,NAN,NAN,NAN,NAN,NAN,NAN,NAN,NAN,NAN,NAN,NAN,NAN,NAN,NAN,NAN,NAN,NAN,NAN,NAN,NAN,NAN,NAN,NAN,NAN,NAN,NAN,NAN,NAN,NAN,NAN,NAN,NAN,NAN,NAN,NAN,NAN,NAN,NAN,NAN,NAN,NAN,NAN,NAN,NAN,NAN,NAN,NAN,NAN,NAN,NAN,NAN,NAN,NAN,NAN,NAN,NAN,NAN,NAN,NAN,NAN
17,18089,41.41874274,-87.38277575,NAN,NAN,NAN,NAN,NAN,NAN,NAN,NAN,NAN,NAN,NAN,NAN,NAN,NAN,NAN,NAN,NAN,NAN,NAN,NAN,NAN,NAN,NAN,NAN,NAN,NAN,NAN,NAN,NAN,NAN,NAN,NAN,NAN,NAN,NAN,NAN,NAN,NAN,NAN,NAN,NAN,NAN,NAN,NAN,NAN,NAN,NAN,NAN,NAN,NAN,NAN,NAN,NAN,NAN,NAN,NAN,NAN,NAN,NAN,NAN,NAN,NAN,NAN,NAN,NAN,NAN,NAN,NAN,NAN,NAN,NAN,NAN,NAN,NAN,NAN,NAN,NAN,NAN,NAN,NAN,NAN,NAN,NAN,NAN,NAN,NAN,NAN,NAN,NAN,NAN,NAN,NAN
18,17097,42.3224907,-88.00367925,NAN,NAN,NAN,NAN,NAN,NAN,NAN,NAN,NAN,NAN,NAN,NAN,NAN,NAN,NAN,NAN,NAN,NAN,NAN,NAN,NAN,NAN,NAN,NAN,NAN,NAN,NAN,NAN,NAN,NAN,NAN,NAN,NAN,NAN,NAN,NAN,NAN,NAN,NAN,NAN,NAN,NAN,NAN,NAN,NAN,NAN,NAN,NAN,NAN,NAN,NAN,NAN,NAN,NAN,NAN,NAN,NAN,NAN,NAN,NAN,NAN,NAN,NAN,NAN,NAN,NAN,NAN,NAN,NAN,NAN,NAN,NAN,NAN,NAN,NAN,NAN,NAN,NAN,NAN,NAN,NAN,NAN,NAN,NAN,NAN,NAN,NAN,NAN,NAN,NAN,NAN,NAN
19,34017,40.73766234,-74.07515667,NAN,NAN,NAN,NAN,NAN,NAN,NAN,NAN,NAN,NAN,NAN,NAN,NAN,NAN,NAN,NAN,NAN,NAN,NAN,NAN,NAN,NAN,NAN,NAN,NAN,NAN,NAN,NAN,NAN,NAN,NAN,NAN,NAN,NAN,NAN,NAN,NAN,NAN,NAN,NAN,NAN,NAN,NAN,NAN,NAN,NAN,NAN,NAN,NAN,NAN,NAN,NAN,NAN,NAN,NAN,NAN,NAN,NAN,NAN,NAN,NAN,NAN,NAN,NAN,NAN,NAN,NAN,NAN,NAN,NAN,NAN,NAN,NAN,NAN,NAN,NAN,NAN,NAN,NAN,NAN,NAN,NAN,NAN,NAN,NAN,NAN,NAN,NAN,NAN,NAN,NAN,NAN
20,32031,40.66562265,-119.6631594,NAN,NAN,NAN,NAN,NAN,NAN,NAN,NAN,NAN,NAN,NAN,NAN,NAN,NAN,NAN,NAN,NAN,NAN,NAN,NAN,NAN,NAN,NAN,NAN,NAN,NAN,NAN,NAN,NAN,NAN,NAN,NAN,NAN,NAN,NAN,NAN,NAN,NAN,NAN,NAN,NAN,NAN,NAN,NAN,NAN,NAN,NAN,NAN,NAN,NAN,NAN,NAN,NAN,NAN,NAN,NAN,NAN,NAN,NAN,NAN,NAN,NAN,NAN,NAN,NAN,NAN,NAN,NAN,NAN,NAN,NAN,NAN,NAN,NAN,NAN,NAN,NAN,NAN,NAN,NAN,NAN,NAN,NAN,NAN,NAN,NAN,NAN,NAN,NAN,NAN,NAN,NAN
21,36001,42.60060306,-73.97723916,NAN,NAN,NAN,NAN,NAN,NAN,NAN,NAN,NAN,NAN,NAN,NAN,NAN,NAN,NAN,NAN,NAN,NAN,NAN,NAN,NAN,NAN,NAN,NAN,NAN,NAN,NAN,NAN,NAN,NAN,NAN,NAN,NAN,NAN,NAN,NAN,NAN,NAN,NAN,NAN,NAN,NAN,NAN,NAN,NAN,NAN,NAN,NAN,NAN,NAN,NAN,NAN,NAN,NAN,NAN,NAN,NAN,NAN,NAN,NAN,NAN,NAN,NAN,NAN,NAN,NAN,NAN,NAN,NAN,NAN,NAN,NAN,NAN,NAN,NAN,NAN,NAN,NAN,NAN,NAN,NAN,NAN,NAN,NAN,NAN,NAN,NAN,NAN,NAN,NAN,NAN,NAN
22,32003,36.21458855,-115.0130241,1,1,5,4,6,7,6,3,2,2,3,2,3,4,3,3,2,1,4,7,11,3,5,8,7,9,4,0,0,2,1,1,2,6,10,4,5,7,5,2,1,1,3,7,10,4,1,1,3,7,13,13,10,8,10,7,4,4,4,3,5,30,23,16,17,30,26,34,36,42,24,3,2,10,12,6,29,18,28,38,30,6,4,20,13,2,21,27,24,7,12,10
23,34031,41.03238628,-74.29954144,NAN,NAN,NAN,NAN,NAN,NAN,NAN,NAN,NAN,NAN,NAN,NAN,NAN,NAN,NAN,NAN,NAN,NAN,NAN,NAN,NAN,NAN,NAN,NAN,NAN,NAN,NAN,NAN,NAN,NAN,NAN,NAN,NAN,NAN,NAN,NAN,NAN,NAN,NAN,NAN,NAN,NAN,NAN,NAN,NAN,NAN,NAN,NAN,NAN,NAN,NAN,NAN,NAN,NAN,NAN,NAN,NAN,NAN,NAN,NAN,NAN,NAN,NAN,NAN,NAN,NAN,NAN,NAN,NAN,NAN,NAN,NAN,NAN,NAN,NAN,NAN,NAN,NAN,NAN,NAN,NAN,NAN,NAN,NAN,NAN,NAN,NAN,NAN,NAN,NAN,NAN,NAN
24,34039,40.65835409,-74.30680092,NAN,NAN,NAN,NAN,NAN,NAN,NAN,NAN,NAN,NAN,NAN,NAN,NAN,NAN,NAN,NAN,NAN,NAN,NAN,NAN,NAN,NAN,NAN,NAN,NAN,NAN,NAN,NAN,NAN,NAN,NAN,NAN,NAN,NAN,NAN,NAN,NAN,NAN,NAN,NAN,NAN,NAN,NAN,NAN,NAN,NAN,NAN,NAN,NAN,NAN,NAN,NAN,NAN,NAN,NAN,NAN,NAN,NAN,NAN,NAN,NAN,NAN,NAN,NAN,NAN,NAN,NAN,NAN,NAN,NAN,NAN,NAN,NAN,NAN,NAN,NAN,NAN,NAN,NAN,NAN,NAN,NAN,NAN,NAN,NAN,NAN,NAN,NAN,NAN,NAN,NAN,NAN
25,34013,40.78681335,-74.24657979,NAN,NAN,NAN,NAN,NAN,NAN,NAN,NAN,NAN,NAN,NAN,NAN,NAN,NAN,NAN,NAN,NAN,NAN,NAN,NAN,NAN,NAN,NAN,NAN,NAN,NAN,NAN,NAN,NAN,NAN,NAN,NAN,NAN,NAN,NAN,NAN,NAN,NAN,NAN,NAN,NAN,NAN,NAN,NAN,NAN,NAN,NAN,NAN,NAN,NAN,NAN,NAN,NAN,NAN,NAN,NAN,NAN,NAN,NAN,NAN,NAN,NAN,NAN,NAN,NAN,NAN,NAN,NAN,NAN,NAN,NAN,NAN,NAN,NAN,NAN,NAN,NAN,NAN,NAN,NAN,NAN,NAN,NAN,NAN,NAN,NAN,NAN,NAN,NAN,NAN,NAN,NAN
26,25017,42.48607732,-71.39049229,NAN,NAN,NAN,NAN,NAN,NAN,NAN,NAN,NAN,NAN,NAN,NAN,NAN,NAN,NAN,NAN,NAN,NAN,NAN,NAN,NAN,NAN,NAN,NAN,NAN,NAN,NAN,NAN,NAN,NAN,NAN,NAN,NAN,NAN,NAN,NAN,NAN,NAN,NAN,NAN,NAN,NAN,NAN,NAN,NAN,NAN,NAN,NAN,NAN,NAN,NAN,NAN,NAN,NAN,NAN,NAN,NAN,NAN,NAN,NAN,NAN,NAN,NAN,NAN,NAN,NAN,NAN,NAN,NAN,NAN,NAN,NAN,NAN,NAN,NAN,NAN,NAN,NAN,NAN,NAN,NAN,NAN,NAN,NAN,NAN,NAN,NAN,NAN,NAN,NAN,NAN,NAN
27,34021,40.28047017,-74.70479631,NAN,NAN,NAN,NAN,NAN,NAN,NAN,NAN,NAN,NAN,NAN,NAN,NAN,NAN,NAN,NAN,NAN,NAN,NAN,NAN,NAN,NAN,NAN,NAN,NAN,NAN,NAN,NAN,NAN,NAN,NAN,NAN,NAN,NAN,NAN,NAN,NAN,NAN,NAN,NAN,NAN,NAN,NAN,NAN,NAN,NAN,NAN,NAN,NAN,NAN,NAN,NAN,NAN,NAN,NAN,NAN,NAN,NAN,NAN,NAN,NAN,NAN,NAN,NAN,NAN,NAN,NAN,NAN,NAN,NAN,NAN,NAN,NAN,NAN,NAN,NAN,NAN,NAN,NAN,NAN,NAN,NAN,NAN,NAN,NAN,NAN,NAN,NAN,NAN,NAN,NAN,NAN
28,06001,37.64629437,-121.8929271,NAN,NAN,NAN,NAN,NAN,NAN,NAN,NAN,NAN,NAN,NAN,NAN,NAN,NAN,NAN,NAN,NAN,NAN,NAN,NAN,NAN,NAN,NAN,NAN,NAN,NAN,NAN,NAN,NAN,NAN,NAN,NAN,NAN,NAN,NAN,NAN,NAN,NAN,NAN,NAN,NAN,NAN,NAN,NAN,NAN,NAN,NAN,NAN,NAN,NAN,NAN,NAN,NAN,NAN,NAN,NAN,NAN,NAN,NAN,NAN,NAN,NAN,NAN,NAN,NAN,NAN,NAN,NAN,NAN,NAN,NAN,NAN,NAN,NAN,NAN,NAN,NAN,NAN,NAN,NAN,NAN,NAN,NAN,NAN,NAN,NAN,NAN,NAN,NAN,NAN,NAN,NAN
29,06059,33.70147516,-117.76459979999998,NAN,NAN,NAN,NAN,NAN,NAN,NAN,NAN,NAN,NAN,NAN,NAN,NAN,NAN,NAN,NAN,NAN,NAN,NAN,NAN,NAN,NAN,NAN,NAN,NAN,NAN,NAN,NAN,NAN,NAN,NAN,NAN,NAN,NAN,NAN,NAN,NAN,NAN,NAN,NAN,NAN,NAN,NAN,NAN,NAN,NAN,NAN,NAN,NAN,NAN,NAN,NAN,NAN,NAN,NAN,NAN,NAN,NAN,NAN,NAN,NAN,NAN,NAN,NAN,NAN,NAN,NAN,NAN,NAN,NAN,NAN,NAN,NAN,NAN,NAN,NAN,NAN,NAN,NAN,NAN,NAN,NAN,NAN,NAN,NAN,NAN,NAN,NAN,NAN,NAN,NAN,NAN
30,06013,37.91923498,-121.9289527,NAN,NAN,NAN,NAN,NAN,NAN,NAN,NAN,NAN,NAN,NAN,NAN,NAN,NAN,NAN,NAN,NAN,NAN,NAN,NAN,NAN,NAN,NAN,NAN,NAN,NAN,NAN,NAN,NAN,NAN,NAN,NAN,NAN,NAN,NAN,NAN,NAN,NAN,NAN,NAN,NAN,NAN,NAN,NAN,NAN,NAN,NAN,NAN,NAN,NAN,NAN,NAN,NAN,NAN,NAN,NAN,NAN,NAN,NAN,NAN,NAN,NAN,NAN,NAN,NAN,NAN,NAN,NAN,NAN,NAN,NAN,NAN,NAN,NAN,NAN,NAN,NAN,NAN,NAN,NAN,NAN,NAN,NAN,NAN,NAN,NAN,NAN,NAN,NAN,NAN,NAN,NAN
31,22071,30.06971951,-89.92660315,NAN,NAN,NAN,NAN,NAN,NAN,NAN,NAN,NAN,NAN,NAN,NAN,NAN,NAN,NAN,NAN,NAN,NAN,NAN,NAN,NAN,NAN,NAN,NAN,NAN,NAN,NAN,NAN,NAN,NAN,NAN,NAN,NAN,NAN,NAN,NAN,NAN,NAN,NAN,NAN,NAN,NAN,NAN,NAN,NAN,NAN,NAN,NAN,NAN,NAN,NAN,NAN,NAN,NAN,NAN,NAN,NAN,NAN,NAN,NAN,NAN,NAN,NAN,NAN,NAN,NAN,NAN,NAN,NAN,NAN,NAN,NAN,NAN,NAN,NAN,NAN,NAN,NAN,NAN,NAN,NAN,NAN,NAN,NAN,NAN,NAN,NAN,NAN,NAN,NAN,NAN,NAN
32,21111,38.18664655,-85.65931031,NAN,NAN,NAN,NAN,NAN,NAN,NAN,NAN,NAN,NAN,NAN,NAN,NAN,NAN,NAN,NAN,NAN,NAN,NAN,NAN,NAN,NAN,NAN,NAN,NAN,NAN,NAN,NAN,NAN,NAN,NAN,NAN,NAN,NAN,NAN,NAN,NAN,NAN,NAN,NAN,NAN,NAN,NAN,NAN,NAN,NAN,NAN,NAN,NAN,NAN,NAN,NAN,NAN,NAN,NAN,NAN,NAN,NAN,NAN,NAN,NAN,NAN,NAN,NAN,NAN,NAN,NAN,NAN,NAN,NAN,NAN,NAN,NAN,NAN,NAN,NAN,NAN,NAN,NAN,NAN,NAN,NAN,NAN,NAN,NAN,NAN,NAN,NAN,NAN,NAN,NAN,NAN
33,22051,29.74075478,-90.11115756,NAN,NAN,NAN,NAN,NAN,NAN,NAN,NAN,NAN,NAN,NAN,NAN,NAN,NAN,NAN,NAN,NAN,NAN,NAN,NAN,NAN,NAN,NAN,NAN,NAN,NAN,NAN,NAN,NAN,NAN,NAN,NAN,NAN,NAN,NAN,NAN,NAN,NAN,NAN,NAN,NAN,NAN,NAN,NAN,NAN,NAN,NAN,NAN,NAN,NAN,NAN,NAN,NAN,NAN,NAN,NAN,NAN,NAN,NAN,NAN,NAN,NAN,NAN,NAN,NAN,NAN,NAN,NAN,NAN,NAN,NAN,NAN,NAN,NAN,NAN,NAN,NAN,NAN,NAN,NAN,NAN,NAN,NAN,NAN,NAN,NAN,NAN,NAN,NAN,NAN,NAN,NAN
34,22033,30.53842039,-91.09777565,NAN,NAN,NAN,NAN,NAN,NAN,NAN,NAN,NAN,NAN,NAN,NAN,NAN,NAN,NAN,NAN,NAN,NAN,NAN,NAN,NAN,NAN,NAN,NAN,NAN,NAN,NAN,NAN,NAN,NAN,NAN,NAN,NAN,NAN,NAN,NAN,NAN,NAN,NAN,NAN,NAN,NAN,NAN,NAN,NAN,NAN,NAN,NAN,NAN,NAN,NAN,NAN,NAN,NAN,NAN,NAN,NAN,NAN,NAN,NAN,NAN,NAN,NAN,NAN,NAN,NAN,NAN,NAN,NAN,NAN,NAN,NAN,NAN,NAN,NAN,NAN,NAN,NAN,NAN,NAN,NAN,NAN,NAN,NAN,NAN,NAN,NAN,NAN,NAN,NAN,NAN,NAN
35,06029,35.34329425,-118.72777959999999,NAN,NAN,NAN,NAN,NAN,NAN,NAN,NAN,NAN,NAN,NAN,NAN,NAN,NAN,NAN,NAN,NAN,NAN,NAN,NAN,NAN,NAN,NAN,NAN,NAN,NAN,NAN,NAN,NAN,NAN,NAN,NAN,NAN,NAN,NAN,NAN,NAN,NAN,NAN,NAN,NAN,NAN,NAN,NAN,NAN,NAN,NAN,NAN,NAN,NAN,NAN,NAN,NAN,NAN,NAN,NAN,NAN,NAN,NAN,NAN,NAN,NAN,NAN,NAN,NAN,NAN,NAN,NAN,NAN,NAN,NAN,NAN,NAN,NAN,NAN,NAN,NAN,NAN,NAN,NAN,NAN,NAN,NAN,NAN,NAN,NAN,NAN,NAN,NAN,NAN,NAN,NAN
36,06037,34.30828379,-118.22824109999999,NAN,NAN,NAN,NAN,NAN,NAN,NAN,NAN,NAN,NAN,NAN,NAN,NAN,NAN,NAN,NAN,NAN,NAN,NAN,NAN,NAN,NAN,NAN,NAN,NAN,NAN,NAN,NAN,NAN,NAN,NAN,NAN,NAN,NAN,NAN,NAN,NAN,NAN,NAN,NAN,NAN,NAN,NAN,NAN,NAN,NAN,NAN,NAN,NAN,NAN,NAN,NAN,NAN,NAN,NAN,NAN,NAN,NAN,NAN,NAN,NAN,NAN,NAN,NAN,NAN,NAN,NAN,NAN,NAN,NAN,NAN,NAN,NAN,NAN,NAN,NAN,NAN,NAN,NAN,NAN,NAN,NAN,NAN,NAN,NAN,NAN,NAN,NAN,NAN,NAN,NAN,NAN
37,06073,33.03484597,-116.73653259999999,NAN,NAN,NAN,NAN,NAN,NAN,NAN,NAN,NAN,NAN,NAN,NAN,NAN,NAN,NAN,NAN,NAN,NAN,NAN,NAN,NAN,NAN,NAN,NAN,NAN,NAN,NAN,NAN,NAN,NAN,NAN,NAN,NAN,NAN,NAN,NAN,NAN,NAN,NAN,NAN,NAN,NAN,NAN,NAN,NAN,NAN,NAN,NAN,NAN,NAN,NAN,NAN,NAN,NAN,NAN,NAN,NAN,NAN,NAN,NAN,NAN,NAN,NAN,NAN,NAN,NAN,NAN,NAN,NAN,NAN,NAN,NAN,NAN,NAN,NAN,NAN,NAN,NAN,NAN,NAN,NAN,NAN,NAN,NAN,NAN,NAN,NAN,NAN,NAN,NAN,NAN,NAN
38,36061,40.76727260000001,-73.97152637,NAN,NAN,NAN,NAN,NAN,NAN,NAN,NAN,NAN,NAN,NAN,NAN,NAN,NAN,NAN,NAN,NAN,NAN,NAN,NAN,NAN,NAN,NAN,NAN,NAN,NAN,NAN,NAN,NAN,NAN,NAN,NAN,NAN,NAN,NAN,NAN,NAN,NAN,NAN,NAN,NAN,NAN,NAN,NAN,NAN,NAN,NAN,NAN,NAN,NAN,NAN,NAN,NAN,NAN,NAN,NAN,NAN,NAN,NAN,NAN,NAN,NAN,NAN,NAN,NAN,NAN,NAN,NAN,NAN,NAN,NAN,NAN,NAN,NAN,NAN,NAN,NAN,NAN,NAN,NAN,NAN,NAN,NAN,NAN,NAN,NAN,NAN,NAN,NAN,NAN,NAN,NAN
39,06071,34.84060306,-116.1774685,NAN,NAN,NAN,NAN,NAN,NAN,NAN,NAN,NAN,NAN,NAN,NAN,NAN,NAN,NAN,NAN,NAN,NAN,NAN,NAN,NAN,NAN,NAN,NAN,NAN,NAN,NAN,NAN,NAN,NAN,NAN,NAN,NAN,NAN,NAN,NAN,NAN,NAN,NAN,NAN,NAN,NAN,NAN,NAN,NAN,NAN,NAN,NAN,NAN,NAN,NAN,NAN,NAN,NAN,NAN,NAN,NAN,NAN,NAN,NAN,NAN,NAN,NAN,NAN,NAN,NAN,NAN,NAN,NAN,NAN,NAN,NAN,NAN,NAN,NAN,NAN,NAN,NAN,NAN,NAN,NAN,NAN,NAN,NAN,NAN,NAN,NAN,NAN,NAN,NAN,NAN,NAN
40,06067,38.45106826,-121.34253740000001,NAN,NAN,NAN,NAN,NAN,NAN,NAN,NAN,NAN,NAN,NAN,NAN,NAN,NAN,NAN,NAN,NAN,NAN,NAN,NAN,NAN,NAN,NAN,NAN,NAN,NAN,NAN,NAN,NAN,NAN,NAN,NAN,NAN,NAN,NAN,NAN,NAN,NAN,NAN,NAN,NAN,NAN,NAN,NAN,NAN,NAN,NAN,NAN,NAN,NAN,NAN,NAN,NAN,NAN,NAN,NAN,NAN,NAN,NAN,NAN,NAN,NAN,NAN,NAN,NAN,NAN,NAN,NAN,NAN,NAN,NAN,NAN,NAN,NAN,NAN,NAN,NAN,NAN,NAN,NAN,NAN,NAN,NAN,NAN,NAN,NAN,NAN,NAN,NAN,NAN,NAN,NAN
41,25025,42.327951399999996,-71.07850442,NAN,NAN,NAN,NAN,NAN,NAN,NAN,NAN,NAN,NAN,NAN,NAN,NAN,NAN,NAN,NAN,NAN,NAN,NAN,NAN,NAN,NAN,NAN,NAN,NAN,NAN,NAN,NAN,NAN,NAN,NAN,NAN,NAN,NAN,NAN,NAN,NAN,NAN,NAN,NAN,NAN,NAN,NAN,NAN,NAN,NAN,NAN,NAN,NAN,NAN,NAN,NAN,NAN,NAN,NAN,NAN,NAN,NAN,NAN,NAN,NAN,NAN,NAN,NAN,NAN,NAN,NAN,NAN,NAN,NAN,NAN,NAN,NAN,NAN,NAN,NAN,NAN,NAN,NAN,NAN,NAN,NAN,NAN,NAN,NAN,NAN,NAN,NAN,NAN,NAN,NAN,NAN
42,22017,32.57991587,-93.88375652,NAN,NAN,NAN,NAN,NAN,NAN,NAN,NAN,NAN,NAN,NAN,NAN,NAN,NAN,NAN,NAN,NAN,NAN,NAN,NAN,NAN,NAN,NAN,NAN,NAN,NAN,NAN,NAN,NAN,NAN,NAN,NAN,NAN,NAN,NAN,NAN,NAN,NAN,NAN,NAN,NAN,NAN,NAN,NAN,NAN,NAN,NAN,NAN,NAN,NAN,NAN,NAN,NAN,NAN,NAN,NAN,NAN,NAN,NAN,NAN,NAN,NAN,NAN,NAN,NAN,NAN,NAN,NAN,NAN,NAN,NAN,NAN,NAN,NAN,NAN,NAN,NAN,NAN,NAN,NAN,NAN,NAN,NAN,NAN,NAN,NAN,NAN,NAN,NAN,NAN,NAN,NAN
43,24510,39.30211911,-76.61151012,NAN,NAN,NAN,NAN,NAN,NAN,NAN,NAN,NAN,NAN,NAN,NAN,NAN,NAN,NAN,NAN,NAN,NAN,NAN,NAN,NAN,NAN,NAN,NAN,NAN,NAN,NAN,NAN,NAN,NAN,NAN,NAN,NAN,NAN,NAN,NAN,NAN,NAN,NAN,NAN,NAN,NAN,NAN,NAN,NAN,NAN,NAN,NAN,NAN,NAN,NAN,NAN,NAN,NAN,NAN,NAN,NAN,NAN,NAN,NAN,NAN,NAN,NAN,NAN,NAN,NAN,NAN,NAN,NAN,NAN,NAN,NAN,NAN,NAN,NAN,NAN,NAN,NAN,NAN,NAN,NAN,NAN,NAN,NAN,NAN,NAN,NAN,NAN,NAN,NAN,NAN,NAN
44,25023,41.94070556,-70.80802823,NAN,NAN,NAN,NAN,NAN,NAN,NAN,NAN,NAN,NAN,NAN,NAN,NAN,NAN,NAN,NAN,NAN,NAN,NAN,NAN,NAN,NAN,NAN,NAN,NAN,NAN,NAN,NAN,NAN,NAN,NAN,NAN,NAN,NAN,NAN,NAN,NAN,NAN,NAN,NAN,NAN,NAN,NAN,NAN,NAN,NAN,NAN,NAN,NAN,NAN,NAN,NAN,NAN,NAN,NAN,NAN,NAN,NAN,NAN,NAN,NAN,NAN,NAN,NAN,NAN,NAN,NAN,NAN,NAN,NAN,NAN,NAN,NAN,NAN,NAN,NAN,NAN,NAN,NAN,NAN,NAN,NAN,NAN,NAN,NAN,NAN,NAN,NAN,NAN,NAN,NAN,NAN
45,34007,39.80343818,-74.96388753,NAN,NAN,NAN,NAN,NAN,NAN,NAN,NAN,NAN,NAN,NAN,NAN,NAN,NAN,NAN,NAN,NAN,NAN,NAN,NAN,NAN,NAN,NAN,NAN,NAN,NAN,NAN,NAN,NAN,NAN,NAN,NAN,NAN,NAN,NAN,NAN,NAN,NAN,NAN,NAN,NAN,NAN,NAN,NAN,NAN,NAN,NAN,NAN,NAN,NAN,NAN,NAN,NAN,NAN,NAN,NAN,NAN,NAN,NAN,NAN,NAN,NAN,NAN,NAN,NAN,NAN,NAN,NAN,NAN,NAN,NAN,NAN,NAN,NAN,NAN,NAN,NAN,NAN,NAN,NAN,NAN,NAN,NAN,NAN,NAN,NAN,NAN,NAN,NAN,NAN,NAN,NAN
46,06065,33.74314981,-115.9933578,NAN,NAN,NAN,NAN,NAN,NAN,NAN,NAN,NAN,NAN,NAN,NAN,NAN,NAN,NAN,NAN,NAN,NAN,NAN,NAN,NAN,NAN,NAN,NAN,NAN,NAN,NAN,NAN,NAN,NAN,NAN,NAN,NAN,NAN,NAN,NAN,NAN,NAN,NAN,NAN,NAN,NAN,NAN,NAN,NAN,NAN,NAN,NAN,NAN,NAN,NAN,NAN,NAN,NAN,NAN,NAN,NAN,NAN,NAN,NAN,NAN,NAN,NAN,NAN,NAN,NAN,NAN,NAN,NAN,NAN,NAN,NAN,NAN,NAN,NAN,NAN,NAN,NAN,NAN,NAN,NAN,NAN,NAN,NAN,NAN,NAN,NAN,NAN,NAN,NAN,NAN,NAN
47,26049,43.02244215,-83.70589709,NAN,NAN,NAN,NAN,NAN,NAN,NAN,NAN,NAN,NAN,NAN,NAN,NAN,NAN,NAN,NAN,NAN,NAN,NAN,NAN,NAN,NAN,NAN,NAN,NAN,NAN,NAN,NAN,NAN,NAN,NAN,NAN,NAN,NAN,NAN,NAN,NAN,NAN,NAN,NAN,NAN,NAN,NAN,NAN,NAN,NAN,NAN,NAN,NAN,NAN,NAN,NAN,NAN,NAN,NAN,NAN,NAN,NAN,NAN,NAN,NAN,NAN,NAN,NAN,NAN,NAN,NAN,NAN,NAN,NAN,NAN,NAN,NAN,NAN,NAN,NAN,NAN,NAN,NAN,NAN,NAN,NAN,NAN,NAN,NAN,NAN,NAN,NAN,NAN,NAN,NAN,NAN
48,26125,42.66090111,-83.38595416,NAN,NAN,NAN,NAN,NAN,NAN,NAN,NAN,NAN,NAN,NAN,NAN,NAN,NAN,NAN,NAN,NAN,NAN,NAN,NAN,NAN,NAN,NAN,NAN,NAN,NAN,NAN,NAN,NAN,NAN,NAN,NAN,NAN,NAN,NAN,NAN,NAN,NAN,NAN,NAN,NAN,NAN,NAN,NAN,NAN,NAN,NAN,NAN,NAN,NAN,NAN,NAN,NAN,NAN,NAN,NAN,NAN,NAN,NAN,NAN,NAN,NAN,NAN,NAN,NAN,NAN,NAN,NAN,NAN,NAN,NAN,NAN,NAN,NAN,NAN,NAN,NAN,NAN,NAN,NAN,NAN,NAN,NAN,NAN,NAN,NAN,NAN,NAN,NAN,NAN,NAN,NAN
49,27053,45.00761521,-93.47694895,NAN,NAN,NAN,NAN,NAN,NAN,NAN,NAN,NAN,NAN,NAN,NAN,NAN,NAN,NAN,NAN,NAN,NAN,NAN,NAN,NAN,NAN,NAN,NAN,NAN,NAN,NAN,NAN,NAN,NAN,NAN,NAN,NAN,NAN,NAN,NAN,NAN,NAN,NAN,NAN,NAN,NAN,NAN,NAN,NAN,NAN,NAN,NAN,NAN,NAN,NAN,NAN,NAN,NAN,NAN,NAN,NAN,NAN,NAN,NAN,NAN,NAN,NAN,NAN,NAN,NAN,NAN,NAN,NAN,NAN,NAN,NAN,NAN,NAN,NAN,NAN,NAN,NAN,NAN,NAN,NAN,NAN,NAN,NAN,NAN,NAN,NAN,NAN,NAN,NAN,NAN,NAN
50,26099,42.69158356,-82.92752801,NAN,NAN,NAN,NAN,NAN,NAN,NAN,NAN,NAN,NAN,NAN,NAN,NAN,NAN,NAN,NAN,NAN,NAN,NAN,NAN,NAN,NAN,NAN,NAN,NAN,NAN,NAN,NAN,NAN,NAN,NAN,NAN,NAN,NAN,NAN,NAN,NAN,NAN,NAN,NAN,NAN,NAN,NAN,NAN,NAN,NAN,NAN,NAN,NAN,NAN,NAN,NAN,NAN,NAN,NAN,NAN,NAN,NAN,NAN,NAN,NAN,NAN,NAN,NAN,NAN,NAN,NAN,NAN,NAN,NAN,NAN,NAN,NAN,NAN,NAN,NAN,NAN,NAN,NAN,NAN,NAN,NAN,NAN,NAN,NAN,NAN,NAN,NAN,NAN,NAN,NAN,NAN
51,29510,38.63555736,-90.24349225,NAN,NAN,NAN,NAN,NAN,NAN,NAN,NAN,NAN,NAN,NAN,NAN,NAN,NAN,NAN,NAN,NAN,NAN,NAN,NAN,NAN,NAN,NAN,NAN,NAN,NAN,NAN,NAN,NAN,NAN,NAN,NAN,NAN,NAN,NAN,NAN,NAN,NAN,NAN,NAN,NAN,NAN,NAN,NAN,NAN,NAN,NAN,NAN,NAN,NAN,NAN,NAN,NAN,NAN,NAN,NAN,NAN,NAN,NAN,NAN,NAN,NAN,NAN,NAN,NAN,NAN,NAN,NAN,NAN,NAN,NAN,NAN,NAN,NAN,NAN,NAN,NAN,NAN,NAN,NAN,NAN,NAN,NAN,NAN,NAN,NAN,NAN,NAN,NAN,NAN,NAN,NAN
52,06085,37.23104908,-121.6970462,NAN,NAN,NAN,NAN,NAN,NAN,NAN,NAN,NAN,NAN,NAN,NAN,NAN,NAN,NAN,NAN,NAN,NAN,NAN,NAN,NAN,NAN,NAN,NAN,NAN,NAN,NAN,NAN,NAN,NAN,NAN,NAN,NAN,NAN,NAN,NAN,NAN,NAN,NAN,NAN,NAN,NAN,NAN,NAN,NAN,NAN,NAN,NAN,NAN,NAN,NAN,NAN,NAN,NAN,NAN,NAN,NAN,NAN,NAN,NAN,NAN,NAN,NAN,NAN,NAN,NAN,NAN,NAN,NAN,NAN,NAN,NAN,NAN,NAN,NAN,NAN,NAN,NAN,NAN,NAN,NAN,NAN,NAN,NAN,NAN,NAN,NAN,NAN,NAN,NAN,NAN,NAN
53,06081,37.422880799999994,-122.32755459999998,NAN,NAN,NAN,NAN,NAN,NAN,NAN,NAN,NAN,NAN,NAN,NAN,NAN,NAN,NAN,NAN,NAN,NAN,NAN,NAN,NAN,NAN,NAN,NAN,NAN,NAN,NAN,NAN,NAN,NAN,NAN,NAN,NAN,NAN,NAN,NAN,NAN,NAN,NAN,NAN,NAN,NAN,NAN,NAN,NAN,NAN,NAN,NAN,NAN,NAN,NAN,NAN,NAN,NAN,NAN,NAN,NAN,NAN,NAN,NAN,NAN,NAN,NAN,NAN,NAN,NAN,NAN,NAN,NAN,NAN,NAN,NAN,NAN,NAN,NAN,NAN,NAN,NAN,NAN,NAN,NAN,NAN,NAN,NAN,NAN,NAN,NAN,NAN,NAN,NAN,NAN,NAN
54,42003,40.46809875,-79.98167747,NAN,NAN,NAN,NAN,NAN,NAN,NAN,NAN,NAN,NAN,NAN,NAN,NAN,NAN,NAN,NAN,NAN,NAN,NAN,NAN,NAN,NAN,NAN,NAN,NAN,NAN,NAN,NAN,NAN,NAN,NAN,NAN,NAN,NAN,NAN,NAN,NAN,NAN,NAN,NAN,NAN,NAN,NAN,NAN,NAN,NAN,NAN,NAN,NAN,NAN,NAN,NAN,NAN,NAN,NAN,NAN,NAN,NAN,NAN,NAN,NAN,NAN,NAN,NAN,NAN,NAN,NAN,NAN,NAN,NAN,NAN,NAN,NAN,NAN,NAN,NAN,NAN,NAN,NAN,NAN,NAN,NAN,NAN,NAN,NAN,NAN,NAN,NAN,NAN,NAN,NAN,NAN
55,42101,40.00338507,-75.1379271,NAN,NAN,NAN,NAN,NAN,NAN,NAN,NAN,NAN,NAN,NAN,NAN,NAN,NAN,NAN,NAN,NAN,NAN,NAN,NAN,NAN,NAN,NAN,NAN,NAN,NAN,NAN,NAN,NAN,NAN,NAN,NAN,NAN,NAN,NAN,NAN,NAN,NAN,NAN,NAN,NAN,NAN,NAN,NAN,NAN,NAN,NAN,NAN,NAN,NAN,NAN,NAN,NAN,NAN,NAN,NAN,NAN,NAN,NAN,NAN,NAN,NAN,NAN,NAN,NAN,NAN,NAN,NAN,NAN,NAN,NAN,NAN,NAN,NAN,NAN,NAN,NAN,NAN,NAN,NAN,NAN,NAN,NAN,NAN,NAN,NAN,NAN,NAN,NAN,NAN,NAN,NAN
56,42095,40.75182733,-75.30471829,NAN,NAN,NAN,NAN,NAN,NAN,NAN,NAN,NAN,NAN,NAN,NAN,NAN,NAN,NAN,NAN,NAN,NAN,NAN,NAN,NAN,NAN,NAN,NAN,NAN,NAN,NAN,NAN,NAN,NAN,NAN,NAN,NAN,NAN,NAN,NAN,NAN,NAN,NAN,NAN,NAN,NAN,NAN,NAN,NAN,NAN,NAN,NAN,NAN,NAN,NAN,NAN,NAN,NAN,NAN,NAN,NAN,NAN,NAN,NAN,NAN,NAN,NAN,NAN,NAN,NAN,NAN,NAN,NAN,NAN,NAN,NAN,NAN,NAN,NAN,NAN,NAN,NAN,NAN,NAN,NAN,NAN,NAN,NAN,NAN,NAN,NAN,NAN,NAN,NAN,NAN,NAN
57,39049,39.96995815,-83.01115755,NAN,NAN,NAN,NAN,NAN,NAN,NAN,NAN,NAN,NAN,NAN,NAN,NAN,NAN,NAN,NAN,NAN,NAN,NAN,NAN,NAN,NAN,NAN,NAN,NAN,NAN,NAN,NAN,NAN,NAN,NAN,NAN,NAN,NAN,NAN,NAN,NAN,NAN,NAN,NAN,NAN,NAN,NAN,NAN,NAN,NAN,NAN,NAN,NAN,NAN,NAN,NAN,NAN,NAN,NAN,NAN,NAN,NAN,NAN,NAN,NAN,NAN,NAN,NAN,NAN,NAN,NAN,NAN,NAN,NAN,NAN,NAN,NAN,NAN,NAN,NAN,NAN,NAN,NAN,NAN,NAN,NAN,NAN,NAN,NAN,NAN,NAN,NAN,NAN,NAN,NAN,NAN
58,39095,41.62101218,-83.65468618,NAN,NAN,NAN,NAN,NAN,NAN,NAN,NAN,NAN,NAN,NAN,NAN,NAN,NAN,NAN,NAN,NAN,NAN,NAN,NAN,NAN,NAN,NAN,NAN,NAN,NAN,NAN,NAN,NAN,NAN,NAN,NAN,NAN,NAN,NAN,NAN,NAN,NAN,NAN,NAN,NAN,NAN,NAN,NAN,NAN,NAN,NAN,NAN,NAN,NAN,NAN,NAN,NAN,NAN,NAN,NAN,NAN,NAN,NAN,NAN,NAN,NAN,NAN,NAN,NAN,NAN,NAN,NAN,NAN,NAN,NAN,NAN,NAN,NAN,NAN,NAN,NAN,NAN,NAN,NAN,NAN,NAN,NAN,NAN,NAN,NAN,NAN,NAN,NAN,NAN,NAN,NAN
59,08059,39.58635604,-105.2517692,NAN,NAN,NAN,NAN,NAN,NAN,NAN,NAN,NAN,NAN,NAN,NAN,NAN,NAN,NAN,NAN,NAN,NAN,NAN,NAN,NAN,NAN,NAN,NAN,NAN,NAN,NAN,NAN,NAN,NAN,NAN,NAN,NAN,NAN,NAN,NAN,NAN,NAN,NAN,NAN,NAN,NAN,NAN,NAN,NAN,NAN,NAN,NAN,NAN,NAN,NAN,NAN,NAN,NAN,NAN,NAN,NAN,NAN,NAN,NAN,NAN,NAN,NAN,NAN,NAN,NAN,NAN,NAN,NAN,NAN,NAN,NAN,NAN,NAN,NAN,NAN,NAN,NAN,NAN,NAN,NAN,NAN,NAN,NAN,NAN,NAN,NAN,NAN,NAN,NAN,NAN,NAN
60,08005,39.64977461,-104.3353617,NAN,NAN,NAN,NAN,NAN,NAN,NAN,NAN,NAN,NAN,NAN,NAN,NAN,NAN,NAN,NAN,NAN,NAN,NAN,NAN,NAN,NAN,NAN,NAN,NAN,NAN,NAN,NAN,NAN,NAN,NAN,NAN,NAN,NAN,NAN,NAN,NAN,NAN,NAN,NAN,NAN,NAN,NAN,NAN,NAN,NAN,NAN,NAN,NAN,NAN,NAN,NAN,NAN,NAN,NAN,NAN,NAN,NAN,NAN,NAN,NAN,NAN,NAN,NAN,NAN,NAN,NAN,NAN,NAN,NAN,NAN,NAN,NAN,NAN,NAN,NAN,NAN,NAN,NAN,NAN,NAN,NAN,NAN,NAN,NAN,NAN,NAN,NAN,NAN,NAN,NAN,NAN
61,08031,39.76018276,-104.87256950000001,NAN,NAN,NAN,NAN,NAN,NAN,NAN,NAN,NAN,NAN,NAN,NAN,NAN,NAN,NAN,NAN,NAN,NAN,NAN,NAN,NAN,NAN,NAN,NAN,NAN,NAN,NAN,NAN,NAN,NAN,NAN,NAN,NAN,NAN,NAN,NAN,NAN,NAN,NAN,NAN,NAN,NAN,NAN,NAN,NAN,NAN,NAN,NAN,NAN,NAN,NAN,NAN,NAN,NAN,NAN,NAN,NAN,NAN,NAN,NAN,NAN,NAN,NAN,NAN,NAN,NAN,NAN,NAN,NAN,NAN,NAN,NAN,NAN,NAN,NAN,NAN,NAN,NAN,NAN,NAN,NAN,NAN,NAN,NAN,NAN,NAN,NAN,NAN,NAN,NAN,NAN,NAN
62,08123,40.55499405,-104.39296209999999,NAN,NAN,NAN,NAN,NAN,NAN,NAN,NAN,NAN,NAN,NAN,NAN,NAN,NAN,NAN,NAN,NAN,NAN,NAN,NAN,NAN,NAN,NAN,NAN,NAN,NAN,NAN,NAN,NAN,NAN,NAN,NAN,NAN,NAN,NAN,NAN,NAN,NAN,NAN,NAN,NAN,NAN,NAN,NAN,NAN,NAN,NAN,NAN,NAN,NAN,NAN,NAN,NAN,NAN,NAN,NAN,NAN,NAN,NAN,NAN,NAN,NAN,NAN,NAN,NAN,NAN,NAN,NAN,NAN,NAN,NAN,NAN,NAN,NAN,NAN,NAN,NAN,NAN,NAN,NAN,NAN,NAN,NAN,NAN,NAN,NAN,NAN,NAN,NAN,NAN,NAN,NAN
63,37119,35.24469268,-80.8317671,NAN,NAN,NAN,NAN,NAN,NAN,NAN,NAN,NAN,NAN,NAN,NAN,NAN,NAN,NAN,NAN,NAN,NAN,NAN,NAN,NAN,NAN,NAN,NAN,NAN,NAN,NAN,NAN,NAN,NAN,NAN,NAN,NAN,NAN,NAN,NAN,NAN,NAN,NAN,NAN,NAN,NAN,NAN,NAN,NAN,NAN,NAN,NAN,NAN,NAN,NAN,NAN,NAN,NAN,NAN,NAN,NAN,NAN,NAN,NAN,NAN,NAN,NAN,NAN,NAN,NAN,NAN,NAN,NAN,NAN,NAN,NAN,NAN,NAN,NAN,NAN,NAN,NAN,NAN,NAN,NAN,NAN,NAN,NAN,NAN,NAN,NAN,NAN,NAN,NAN,NAN,NAN
64,36067,43.00491923,-76.19971155,NAN,NAN,NAN,NAN,NAN,NAN,NAN,NAN,NAN,NAN,NAN,NAN,NAN,NAN,NAN,NAN,NAN,NAN,NAN,NAN,NAN,NAN,NAN,NAN,NAN,NAN,NAN,NAN,NAN,NAN,NAN,NAN,NAN,NAN,NAN,NAN,NAN,NAN,NAN,NAN,NAN,NAN,NAN,NAN,NAN,NAN,NAN,NAN,NAN,NAN,NAN,NAN,NAN,NAN,NAN,NAN,NAN,NAN,NAN,NAN,NAN,NAN,NAN,NAN,NAN,NAN,NAN,NAN,NAN,NAN,NAN,NAN,NAN,NAN,NAN,NAN,NAN,NAN,NAN,NAN,NAN,NAN,NAN,NAN,NAN,NAN,NAN,NAN,NAN,NAN,NAN,NAN
65,37183,35.78879266,-78.65249174,NAN,NAN,NAN,NAN,NAN,NAN,NAN,NAN,NAN,NAN,NAN,NAN,NAN,NAN,NAN,NAN,NAN,NAN,NAN,NAN,NAN,NAN,NAN,NAN,NAN,NAN,NAN,NAN,NAN,NAN,NAN,NAN,NAN,NAN,NAN,NAN,NAN,NAN,NAN,NAN,NAN,NAN,NAN,NAN,NAN,NAN,NAN,NAN,NAN,NAN,NAN,NAN,NAN,NAN,NAN,NAN,NAN,NAN,NAN,NAN,NAN,NAN,NAN,NAN,NAN,NAN,NAN,NAN,NAN,NAN,NAN,NAN,NAN,NAN,NAN,NAN,NAN,NAN,NAN,NAN,NAN,NAN,NAN,NAN,NAN,NAN,NAN,NAN,NAN,NAN,NAN,NAN
66,42077,40.6154815,-75.59435245,NAN,NAN,NAN,NAN,NAN,NAN,NAN,NAN,NAN,NAN,NAN,NAN,NAN,NAN,NAN,NAN,NAN,NAN,NAN,NAN,NAN,NAN,NAN,NAN,NAN,NAN,NAN,NAN,NAN,NAN,NAN,NAN,NAN,NAN,NAN,NAN,NAN,NAN,NAN,NAN,NAN,NAN,NAN,NAN,NAN,NAN,NAN,NAN,NAN,NAN,NAN,NAN,NAN,NAN,NAN,NAN,NAN,NAN,NAN,NAN,NAN,NAN,NAN,NAN,NAN,NAN,NAN,NAN,NAN,NAN,NAN,NAN,NAN,NAN,NAN,NAN,NAN,NAN,NAN,NAN,NAN,NAN,NAN,NAN,NAN,NAN,NAN,NAN,NAN,NAN,NAN,NAN
67,09001,41.26809896,-73.3881171,NAN,NAN,NAN,NAN,NAN,NAN,NAN,NAN,NAN,NAN,NAN,NAN,NAN,NAN,NAN,NAN,NAN,NAN,NAN,NAN,NAN,NAN,NAN,NAN,NAN,NAN,NAN,NAN,NAN,NAN,NAN,NAN,NAN,NAN,NAN,NAN,NAN,NAN,NAN,NAN,NAN,NAN,NAN,NAN,NAN,NAN,NAN,NAN,NAN,NAN,NAN,NAN,NAN,NAN,NAN,NAN,NAN,NAN,NAN,NAN,NAN,NAN,NAN,NAN,NAN,NAN,NAN,NAN,NAN,NAN,NAN,NAN,NAN,NAN,NAN,NAN,NAN,NAN,NAN,NAN,NAN,NAN,NAN,NAN,NAN,NAN,NAN,NAN,NAN,NAN,NAN,NAN
68,09003,41.80283011,-72.73103891,NAN,NAN,NAN,NAN,NAN,NAN,NAN,NAN,NAN,NAN,NAN,NAN,NAN,NAN,NAN,NAN,NAN,NAN,NAN,NAN,NAN,NAN,NAN,NAN,NAN,NAN,NAN,NAN,NAN,NAN,NAN,NAN,NAN,NAN,NAN,NAN,NAN,NAN,NAN,NAN,NAN,NAN,NAN,NAN,NAN,NAN,NAN,NAN,NAN,NAN,NAN,NAN,NAN,NAN,NAN,NAN,NAN,NAN,NAN,NAN,NAN,NAN,NAN,NAN,NAN,NAN,NAN,NAN,NAN,NAN,NAN,NAN,NAN,NAN,NAN,NAN,NAN,NAN,NAN,NAN,NAN,NAN,NAN,NAN,NAN,NAN,NAN,NAN,NAN,NAN,NAN,NAN
69,10003,39.57992638,-75.64054974,NAN,NAN,NAN,NAN,NAN,NAN,NAN,NAN,NAN,NAN,NAN,NAN,NAN,NAN,NAN,NAN,NAN,NAN,NAN,NAN,NAN,NAN,NAN,NAN,NAN,NAN,NAN,NAN,NAN,NAN,NAN,NAN,NAN,NAN,NAN,NAN,NAN,NAN,NAN,NAN,NAN,NAN,NAN,NAN,NAN,NAN,NAN,NAN,NAN,NAN,NAN,NAN,NAN,NAN,NAN,NAN,NAN,NAN,NAN,NAN,NAN,NAN,NAN,NAN,NAN,NAN,NAN,NAN,NAN,NAN,NAN,NAN,NAN,NAN,NAN,NAN,NAN,NAN,NAN,NAN,NAN,NAN,NAN,NAN,NAN,NAN,NAN,NAN,NAN,NAN,NAN,NAN
70,11001,38.90417773,-77.01655992,NAN,NAN,NAN,NAN,NAN,NAN,NAN,NAN,NAN,NAN,NAN,NAN,NAN,NAN,NAN,NAN,NAN,NAN,NAN,NAN,NAN,NAN,NAN,NAN,NAN,NAN,NAN,NAN,NAN,NAN,NAN,NAN,NAN,NAN,NAN,NAN,NAN,NAN,NAN,NAN,NAN,NAN,NAN,NAN,NAN,NAN,NAN,NAN,NAN,NAN,NAN,NAN,NAN,NAN,NAN,NAN,NAN,NAN,NAN,NAN,NAN,NAN,NAN,NAN,NAN,NAN,NAN,NAN,NAN,NAN,NAN,NAN,NAN,NAN,NAN,NAN,NAN,NAN,NAN,NAN,NAN,NAN,NAN,NAN,NAN,NAN,NAN,NAN,NAN,NAN,NAN,NAN
71,12099,26.64676272,-80.46536002,NAN,NAN,NAN,NAN,NAN,NAN,NAN,NAN,NAN,NAN,NAN,NAN,NAN,NAN,NAN,NAN,NAN,NAN,NAN,NAN,NAN,NAN,NAN,NAN,NAN,NAN,NAN,NAN,NAN,NAN,NAN,NAN,NAN,NAN,NAN,NAN,NAN,NAN,NAN,NAN,NAN,NAN,NAN,NAN,NAN,NAN,NAN,NAN,NAN,NAN,NAN,NAN,NAN,NAN,NAN,NAN,NAN,NAN,NAN,NAN,NAN,NAN,NAN,NAN,NAN,NAN,NAN,NAN,NAN,NAN,NAN,NAN,NAN,NAN,NAN,NAN,NAN,NAN,NAN,NAN,NAN,NAN,NAN,NAN,NAN,NAN,NAN,NAN,NAN,NAN,NAN,NAN
72,12103,27.93130349,-82.72239666,NAN,NAN,NAN,NAN,NAN,NAN,NAN,NAN,NAN,NAN,NAN,NAN,NAN,NAN,NAN,NAN,NAN,NAN,NAN,NAN,NAN,NAN,NAN,NAN,NAN,NAN,NAN,NAN,NAN,NAN,NAN,NAN,NAN,NAN,NAN,NAN,NAN,NAN,NAN,NAN,NAN,NAN,NAN,NAN,NAN,NAN,NAN,NAN,NAN,NAN,NAN,NAN,NAN,NAN,NAN,NAN,NAN,NAN,NAN,NAN,NAN,NAN,NAN,NAN,NAN,NAN,NAN,NAN,NAN,NAN,NAN,NAN,NAN,NAN,NAN,NAN,NAN,NAN,NAN,NAN,NAN,NAN,NAN,NAN,NAN,NAN,NAN,NAN,NAN,NAN,NAN,NAN
73,12011,26.15184651,-80.48725556,NAN,NAN,NAN,NAN,NAN,NAN,NAN,NAN,NAN,NAN,NAN,NAN,NAN,NAN,NAN,NAN,NAN,NAN,NAN,NAN,NAN,NAN,NAN,NAN,NAN,NAN,NAN,NAN,NAN,NAN,NAN,NAN,NAN,NAN,NAN,NAN,NAN,NAN,NAN,NAN,NAN,NAN,NAN,NAN,NAN,NAN,NAN,NAN,NAN,NAN,NAN,NAN,NAN,NAN,NAN,NAN,NAN,NAN,NAN,NAN,NAN,NAN,NAN,NAN,NAN,NAN,NAN,NAN,NAN,NAN,NAN,NAN,NAN,NAN,NAN,NAN,NAN,NAN,NAN,NAN,NAN,NAN,NAN,NAN,NAN,NAN,NAN,NAN,NAN,NAN,NAN,NAN
74,12086,25.6112362,-80.55170587,NAN,NAN,NAN,NAN,NAN,NAN,NAN,NAN,NAN,NAN,NAN,NAN,NAN,NAN,NAN,NAN,NAN,NAN,NAN,NAN,NAN,NAN,NAN,NAN,NAN,NAN,NAN,NAN,NAN,NAN,NAN,NAN,NAN,NAN,NAN,NAN,NAN,NAN,NAN,NAN,NAN,NAN,NAN,NAN,NAN,NAN,NAN,NAN,NAN,NAN,NAN,NAN,NAN,NAN,NAN,NAN,NAN,NAN,NAN,NAN,NAN,NAN,NAN,NAN,NAN,NAN,NAN,NAN,NAN,NAN,NAN,NAN,NAN,NAN,NAN,NAN,NAN,NAN,NAN,NAN,NAN,NAN,NAN,NAN,NAN,NAN,NAN,NAN,NAN,NAN,NAN,NAN
75,12031,30.33225875,-81.66976468,NAN,NAN,NAN,NAN,NAN,NAN,NAN,NAN,NAN,NAN,NAN,NAN,NAN,NAN,NAN,NAN,NAN,NAN,NAN,NAN,NAN,NAN,NAN,NAN,NAN,NAN,NAN,NAN,NAN,NAN,NAN,NAN,NAN,NAN,NAN,NAN,NAN,NAN,NAN,NAN,NAN,NAN,NAN,NAN,NAN,NAN,NAN,NAN,NAN,NAN,NAN,NAN,NAN,NAN,NAN,NAN,NAN,NAN,NAN,NAN,NAN,NAN,NAN,NAN,NAN,NAN,NAN,NAN,NAN,NAN,NAN,NAN,NAN,NAN,NAN,NAN,NAN,NAN,NAN,NAN,NAN,NAN,NAN,NAN,NAN,NAN,NAN,NAN,NAN,NAN,NAN,NAN
76,39035,41.424119,-81.65918339,NAN,NAN,NAN,NAN,NAN,NAN,NAN,NAN,NAN,NAN,NAN,NAN,NAN,NAN,NAN,NAN,NAN,NAN,NAN,NAN,NAN,NAN,NAN,NAN,NAN,NAN,NAN,NAN,NAN,NAN,NAN,NAN,NAN,NAN,NAN,NAN,NAN,NAN,NAN,NAN,NAN,NAN,NAN,NAN,NAN,NAN,NAN,NAN,NAN,NAN,NAN,NAN,NAN,NAN,NAN,NAN,NAN,NAN,NAN,NAN,NAN,NAN,NAN,NAN,NAN,NAN,NAN,NAN,NAN,NAN,NAN,NAN,NAN,NAN,NAN,NAN,NAN,NAN,NAN,NAN,NAN,NAN,NAN,NAN,NAN,NAN,NAN,NAN,NAN,NAN,NAN,NAN
77,39061,39.19673558,-84.54502924,NAN,NAN,NAN,NAN,NAN,NAN,NAN,NAN,NAN,NAN,NAN,NAN,NAN,NAN,NAN,NAN,NAN,NAN,NAN,NAN,NAN,NAN,NAN,NAN,NAN,NAN,NAN,NAN,NAN,NAN,NAN,NAN,NAN,NAN,NAN,NAN,NAN,NAN,NAN,NAN,NAN,NAN,NAN,NAN,NAN,NAN,NAN,NAN,NAN,NAN,NAN,NAN,NAN,NAN,NAN,NAN,NAN,NAN,NAN,NAN,NAN,NAN,NAN,NAN,NAN,NAN,NAN,NAN,NAN,NAN,NAN,NAN,NAN,NAN,NAN,NAN,NAN,NAN,NAN,NAN,NAN,NAN,NAN,NAN,NAN,NAN,NAN,NAN,NAN,NAN,NAN,NAN
78,12095,28.51367621,-81.31799498,NAN,NAN,NAN,NAN,NAN,NAN,NAN,NAN,NAN,NAN,NAN,NAN,NAN,NAN,NAN,NAN,NAN,NAN,NAN,NAN,NAN,NAN,NAN,NAN,NAN,NAN,NAN,NAN,NAN,NAN,NAN,NAN,NAN,NAN,NAN,NAN,NAN,NAN,NAN,NAN,NAN,NAN,NAN,NAN,NAN,NAN,NAN,NAN,NAN,NAN,NAN,NAN,NAN,NAN,NAN,NAN,NAN,NAN,NAN,NAN,NAN,NAN,NAN,NAN,NAN,NAN,NAN,NAN,NAN,NAN,NAN,NAN,NAN,NAN,NAN,NAN,NAN,NAN,NAN,NAN,NAN,NAN,NAN,NAN,NAN,NAN,NAN,NAN,NAN,NAN,NAN,NAN
79,48029,29.44928723,-98.52019748,NAN,NAN,NAN,NAN,NAN,NAN,NAN,NAN,NAN,NAN,NAN,NAN,NAN,NAN,NAN,NAN,NAN,NAN,NAN,NAN,NAN,NAN,NAN,NAN,NAN,NAN,NAN,NAN,NAN,NAN,NAN,NAN,NAN,NAN,NAN,NAN,NAN,NAN,NAN,NAN,NAN,NAN,NAN,NAN,NAN,NAN,NAN,NAN,NAN,NAN,NAN,NAN,NAN,NAN,NAN,NAN,NAN,NAN,NAN,NAN,NAN,NAN,NAN,NAN,NAN,NAN,NAN,NAN,NAN,NAN,NAN,NAN,NAN,NAN,NAN,NAN,NAN,NAN,NAN,NAN,NAN,NAN,NAN,NAN,NAN,NAN,NAN,NAN,NAN,NAN,NAN,NAN
80,13121,33.79216944,-84.46319413,NAN,NAN,NAN,NAN,NAN,NAN,NAN,NAN,NAN,NAN,NAN,NAN,NAN,NAN,NAN,NAN,NAN,NAN,NAN,NAN,NAN,NAN,NAN,NAN,NAN,NAN,NAN,NAN,NAN,NAN,NAN,NAN,NAN,NAN,NAN,NAN,NAN,NAN,NAN,NAN,NAN,NAN,NAN,NAN,NAN,NAN,NAN,NAN,NAN,NAN,NAN,NAN,NAN,NAN,NAN,NAN,NAN,NAN,NAN,NAN,NAN,NAN,NAN,NAN,NAN,NAN,NAN,NAN,NAN,NAN,NAN,NAN,NAN,NAN,NAN,NAN,NAN,NAN,NAN,NAN,NAN,NAN,NAN,NAN,NAN,NAN,NAN,NAN,NAN,NAN,NAN,NAN
81,16001,43.4526575,-116.24155159999998,NAN,NAN,NAN,NAN,NAN,NAN,NAN,NAN,NAN,NAN,NAN,NAN,NAN,NAN,NAN,NAN,NAN,NAN,NAN,NAN,NAN,NAN,NAN,NAN,NAN,NAN,NAN,NAN,NAN,NAN,NAN,NAN,NAN,NAN,NAN,NAN,NAN,NAN,NAN,NAN,NAN,NAN,NAN,NAN,NAN,NAN,NAN,NAN,NAN,NAN,NAN,NAN,NAN,NAN,NAN,NAN,NAN,NAN,NAN,NAN,NAN,NAN,NAN,NAN,NAN,NAN,NAN,NAN,NAN,NAN,NAN,NAN,NAN,NAN,NAN,NAN,NAN,NAN,NAN,NAN,NAN,NAN,NAN,NAN,NAN,NAN,NAN,NAN,NAN,NAN,NAN,NAN
82,47037,36.17007426,-86.78646056,NAN,NAN,NAN,NAN,NAN,NAN,NAN,NAN,NAN,NAN,NAN,NAN,NAN,NAN,NAN,NAN,NAN,NAN,NAN,NAN,NAN,NAN,NAN,NAN,NAN,NAN,NAN,NAN,NAN,NAN,NAN,NAN,NAN,NAN,NAN,NAN,NAN,NAN,NAN,NAN,NAN,NAN,NAN,NAN,NAN,NAN,NAN,NAN,NAN,NAN,NAN,NAN,NAN,NAN,NAN,NAN,NAN,NAN,NAN,NAN,NAN,NAN,NAN,NAN,NAN,NAN,NAN,NAN,NAN,NAN,NAN,NAN,NAN,NAN,NAN,NAN,NAN,NAN,NAN,NAN,NAN,NAN,NAN,NAN,NAN,NAN,NAN,NAN,NAN,NAN,NAN,NAN
83,48113,32.76670599,-96.77796049999999,NAN,NAN,NAN,NAN,NAN,NAN,NAN,NAN,NAN,NAN,NAN,NAN,NAN,NAN,NAN,NAN,NAN,NAN,NAN,NAN,NAN,NAN,NAN,NAN,NAN,NAN,NAN,NAN,NAN,NAN,NAN,NAN,NAN,NAN,NAN,NAN,NAN,NAN,NAN,NAN,NAN,NAN,NAN,NAN,NAN,NAN,NAN,NAN,NAN,NAN,NAN,NAN,NAN,NAN,NAN,NAN,NAN,NAN,NAN,NAN,NAN,NAN,NAN,NAN,NAN,NAN,NAN,NAN,NAN,NAN,NAN,NAN,NAN,NAN,NAN,NAN,NAN,NAN,NAN,NAN,NAN,NAN,NAN,NAN,NAN,NAN,NAN,NAN,NAN,NAN,NAN,NAN
84,48439,32.77143818,-97.29101614,NAN,NAN,NAN,NAN,NAN,NAN,NAN,NAN,NAN,NAN,NAN,NAN,NAN,NAN,NAN,NAN,NAN,NAN,NAN,NAN,NAN,NAN,NAN,NAN,NAN,NAN,NAN,NAN,NAN,NAN,NAN,NAN,NAN,NAN,NAN,NAN,NAN,NAN,NAN,NAN,NAN,NAN,NAN,NAN,NAN,NAN,NAN,NAN,NAN,NAN,NAN,NAN,NAN,NAN,NAN,NAN,NAN,NAN,NAN,NAN,NAN,NAN,NAN,NAN,NAN,NAN,NAN,NAN,NAN,NAN,NAN,NAN,NAN,NAN,NAN,NAN,NAN,NAN,NAN,NAN,NAN,NAN,NAN,NAN,NAN,NAN,NAN,NAN,NAN,NAN,NAN,NAN
85,48121,33.20521901,-97.11691153,NAN,NAN,NAN,NAN,NAN,NAN,NAN,NAN,NAN,NAN,NAN,NAN,NAN,NAN,NAN,NAN,NAN,NAN,NAN,NAN,NAN,NAN,NAN,NAN,NAN,NAN,NAN,NAN,NAN,NAN,NAN,NAN,NAN,NAN,NAN,NAN,NAN,NAN,NAN,NAN,NAN,NAN,NAN,NAN,NAN,NAN,NAN,NAN,NAN,NAN,NAN,NAN,NAN,NAN,NAN,NAN,NAN,NAN,NAN,NAN,NAN,NAN,NAN,NAN,NAN,NAN,NAN,NAN,NAN,NAN,NAN,NAN,NAN,NAN,NAN,NAN,NAN,NAN,NAN,NAN,NAN,NAN,NAN,NAN,NAN,NAN,NAN,NAN,NAN,NAN,NAN,NAN
86,48157,29.52704478,-95.77219463,NAN,NAN,NAN,NAN,NAN,NAN,NAN,NAN,NAN,NAN,NAN,NAN,NAN,NAN,NAN,NAN,NAN,NAN,NAN,NAN,NAN,NAN,NAN,NAN,NAN,NAN,NAN,NAN,NAN,NAN,NAN,NAN,NAN,NAN,NAN,NAN,NAN,NAN,NAN,NAN,NAN,NAN,NAN,NAN,NAN,NAN,NAN,NAN,NAN,NAN,NAN,NAN,NAN,NAN,NAN,NAN,NAN,NAN,NAN,NAN,NAN,NAN,NAN,NAN,NAN,NAN,NAN,NAN,NAN,NAN,NAN,NAN,NAN,NAN,NAN,NAN,NAN,NAN,NAN,NAN,NAN,NAN,NAN,NAN,NAN,NAN,NAN,NAN,NAN,NAN,NAN,NAN
87,55079,43.00486062,-87.96733172,NAN,NAN,NAN,NAN,NAN,NAN,NAN,NAN,NAN,NAN,NAN,NAN,NAN,NAN,NAN,NAN,NAN,NAN,NAN,NAN,NAN,NAN,NAN,NAN,NAN,NAN,NAN,NAN,NAN,NAN,NAN,NAN,NAN,NAN,NAN,NAN,NAN,NAN,NAN,NAN,NAN,NAN,NAN,NAN,NAN,NAN,NAN,NAN,NAN,NAN,NAN,NAN,NAN,NAN,NAN,NAN,NAN,NAN,NAN,NAN,NAN,NAN,NAN,NAN,NAN,NAN,NAN,NAN,NAN,NAN,NAN,NAN,NAN,NAN,NAN,NAN,NAN,NAN,NAN,NAN,NAN,NAN,NAN,NAN,NAN,NAN,NAN,NAN,NAN,NAN,NAN,NAN
88,53053,47.03892768,-122.14059579999999,NAN,NAN,NAN,NAN,NAN,NAN,NAN,NAN,NAN,NAN,NAN,NAN,NAN,NAN,NAN,NAN,NAN,NAN,NAN,NAN,NAN,NAN,NAN,NAN,NAN,NAN,NAN,NAN,NAN,NAN,NAN,NAN,NAN,NAN,NAN,NAN,NAN,NAN,NAN,NAN,NAN,NAN,NAN,NAN,NAN,NAN,NAN,NAN,NAN,NAN,NAN,NAN,NAN,NAN,NAN,NAN,NAN,NAN,NAN,NAN,NAN,NAN,NAN,NAN,NAN,NAN,NAN,NAN,NAN,NAN,NAN,NAN,NAN,NAN,NAN,NAN,NAN,NAN,NAN,NAN,NAN,NAN,NAN,NAN,NAN,NAN,NAN,NAN,NAN,NAN,NAN,NAN
89,48201,29.85864939,-95.39339521,NAN,NAN,NAN,NAN,NAN,NAN,NAN,NAN,NAN,NAN,NAN,NAN,NAN,NAN,NAN,NAN,NAN,NAN,NAN,NAN,NAN,NAN,NAN,NAN,NAN,NAN,NAN,NAN,NAN,NAN,NAN,NAN,NAN,NAN,NAN,NAN,NAN,NAN,NAN,NAN,NAN,NAN,NAN,NAN,NAN,NAN,NAN,NAN,NAN,NAN,NAN,NAN,NAN,NAN,NAN,NAN,NAN,NAN,NAN,NAN,NAN,NAN,NAN,NAN,NAN,NAN,NAN,NAN,NAN,NAN,NAN,NAN,NAN,NAN,NAN,NAN,NAN,NAN,NAN,NAN,NAN,NAN,NAN,NAN,NAN,NAN,NAN,NAN,NAN,NAN,NAN,NAN
90,53077,46.45738486,-120.73801259999999,NAN,NAN,NAN,NAN,NAN,NAN,NAN,NAN,NAN,NAN,NAN,NAN,NAN,NAN,NAN,NAN,NAN,NAN,NAN,NAN,NAN,NAN,NAN,NAN,NAN,NAN,NAN,NAN,NAN,NAN,NAN,NAN,NAN,NAN,NAN,NAN,NAN,NAN,NAN,NAN,NAN,NAN,NAN,NAN,NAN,NAN,NAN,NAN,NAN,NAN,NAN,NAN,NAN,NAN,NAN,NAN,NAN,NAN,NAN,NAN,NAN,NAN,NAN,NAN,NAN,NAN,NAN,NAN,NAN,NAN,NAN,NAN,NAN,NAN,NAN,NAN,NAN,NAN,NAN,NAN,NAN,NAN,NAN,NAN,NAN,NAN,NAN,NAN,NAN,NAN,NAN,NAN
91,48453,30.33432034,-97.78535620000001,17,21,43,24,32,29,NAN,13,15,9,28,26,63,14,17,22,25,21,28,13,9,13,19,30,18,16,29,31,37,24,25,24,9,20,11,24,26,38,25,14,35,35,31,52,41,28,14,21,25,13,14,8,9,14,26,46,41,7,20,13,13,20,17,35,51,31,12,18,36,39,42,29,53,21,19,33,43,41,37,32,28,20,9,18,20,20,26,19,15,29,45,31
92,49035,40.66616532,-111.92160109999999,NAN,NAN,NAN,NAN,NAN,NAN,NAN,NAN,NAN,NAN,NAN,NAN,NAN,NAN,NAN,NAN,NAN,NAN,NAN,NAN,NAN,NAN,NAN,NAN,NAN,NAN,NAN,NAN,NAN,NAN,NAN,NAN,NAN,NAN,NAN,NAN,NAN,NAN,NAN,NAN,NAN,NAN,NAN,NAN,NAN,NAN,NAN,NAN,NAN,NAN,NAN,NAN,NAN,NAN,NAN,NAN,NAN,NAN,NAN,NAN,NAN,NAN,NAN,NAN,NAN,NAN,NAN,NAN,NAN,NAN,NAN,NAN,NAN,NAN,NAN,NAN,NAN,NAN,NAN,NAN,NAN,NAN,NAN,NAN,NAN,NAN,NAN,NAN,NAN,NAN,NAN,NAN
93,53033,47.49137892,-121.8346131,20,21,19,19,22,27,21,62,18,21,21,25,53,20,23,33,NAN,45,33,13,25,22,25,24,27,29,37,28,32,29,28,29,17,24,22,21,26,31,32,55,18,15,23,28,23,25,12,20,8,9,7,9,11,9,14,7,9,10,8,9,8,12,17,17,11,10,15,17,17,23,27,42,26,26,14,13,6,4,4,3,7,14,12,13,15,22,19,17,14,26,21,18
94,53061,48.04615983,-121.7170703,NAN,NAN,NAN,NAN,NAN,NAN,NAN,NAN,NAN,NAN,NAN,NAN,NAN,NAN,NAN,NAN,NAN,NAN,NAN,NAN,NAN,NAN,NAN,NAN,NAN,NAN,NAN,NAN,NAN,NAN,NAN,NAN,NAN,NAN,NAN,NAN,NAN,NAN,NAN,NAN,NAN,NAN,NAN,NAN,NAN,NAN,NAN,NAN,NAN,NAN,NAN,NAN,NAN,NAN,NAN,NAN,NAN,NAN,NAN,NAN,NAN,NAN,NAN,NAN,NAN,NAN,NAN,NAN,NAN,NAN,NAN,NAN,NAN,NAN,NAN,NAN,NAN,NAN,NAN,NAN,NAN,NAN,NAN,NAN,NAN,NAN,NAN,NAN,NAN,NAN,NAN,NAN
95,42069,41.43564672,-75.60379201,NAN,NAN,NAN,NAN,NAN,NAN,NAN,NAN,NAN,NAN,NAN,NAN,NAN,NAN,NAN,NAN,NAN,NAN,NAN,NAN,NAN,NAN,NAN,NAN,NAN,NAN,NAN,NAN,NAN,NAN,NAN,NAN,NAN,NAN,NAN,NAN,NAN,NAN,NAN,NAN,NAN,NAN,NAN,NAN,NAN,NAN,NAN,NAN,NAN,NAN,NAN,NAN,NAN,NAN,NAN,NAN,NAN,NAN,NAN,NAN,NAN,NAN,NAN,NAN,NAN,NAN,NAN,NAN,NAN,NAN,NAN,NAN,NAN,NAN,NAN,NAN,NAN,NAN,NAN,NAN,NAN,NAN,NAN,NAN,NAN,NAN,NAN,NAN,NAN,NAN,NAN,NAN
96,45079,34.01791263,-80.90267209,NAN,NAN,NAN,NAN,NAN,NAN,NAN,NAN,NAN,NAN,NAN,NAN,NAN,NAN,NAN,NAN,NAN,NAN,NAN,NAN,NAN,NAN,NAN,NAN,NAN,NAN,NAN,NAN,NAN,NAN,NAN,NAN,NAN,NAN,NAN,NAN,NAN,NAN,NAN,NAN,NAN,NAN,NAN,NAN,NAN,NAN,NAN,NAN,NAN,NAN,NAN,NAN,NAN,NAN,NAN,NAN,NAN,NAN,NAN,NAN,NAN,NAN,NAN,NAN,NAN,NAN,NAN,NAN,NAN,NAN,NAN,NAN,NAN,NAN,NAN,NAN,NAN,NAN,NAN,NAN,NAN,NAN,NAN,NAN,NAN,NAN,NAN,NAN,NAN,NAN,NAN,NAN
97,04019,32.0971334,-111.7890033,NAN,NAN,NAN,NAN,NAN,NAN,NAN,NAN,NAN,NAN,NAN,NAN,NAN,NAN,NAN,NAN,NAN,NAN,NAN,NAN,NAN,NAN,NAN,NAN,NAN,NAN,NAN,NAN,NAN,NAN,NAN,NAN,NAN,NAN,NAN,NAN,NAN,NAN,NAN,NAN,NAN,NAN,NAN,NAN,NAN,NAN,NAN,NAN,NAN,NAN,NAN,NAN,NAN,NAN,NAN,NAN,NAN,NAN,NAN,NAN,NAN,NAN,NAN,NAN,NAN,NAN,NAN,NAN,NAN,NAN,NAN,NAN,NAN,NAN,NAN,NAN,NAN,NAN,NAN,NAN,NAN,NAN,NAN,NAN,NAN,NAN,NAN,NAN,NAN,NAN,NAN,NAN
98,06075,37.75215114,-122.43856720000001,23,23,12,10,10,13,13,10,13,14,14,14,22,9,7,5,10,9,15,13,18,24,10,32,26,14,11,13,18,19,39,39,34,27,8,6,10,17,13,13,23,26,25,18,10,12,32,53,17,18,19,16,12,7,22,16,18,12,16,6,7,14,13,18,18,10,7,15,7,8,9,14,23,15,6,23,18,11,7,9,13,11,7,9,9,NAN,NAN,12,11,19,16,13
99,08041,38.83240149,-104.5251411,NAN,NAN,NAN,NAN,NAN,NAN,NAN,NAN,NAN,NAN,NAN,NAN,NAN,NAN,NAN,NAN,NAN,NAN,NAN,NAN,NAN,NAN,NAN,NAN,NAN,NAN,NAN,NAN,NAN,NAN,NAN,NAN,NAN,NAN,NAN,NAN,NAN,NAN,NAN,NAN,NAN,NAN,NAN,NAN,NAN,NAN,NAN,NAN,NAN,NAN,NAN,NAN,NAN,NAN,NAN,NAN,NAN,NAN,NAN,NAN,NAN,NAN,NAN,NAN,NAN,NAN,NAN,NAN,NAN,NAN,NAN,NAN,NAN,NAN,NAN,NAN,NAN,NAN,NAN,NAN,NAN,NAN,NAN,NAN,NAN,NAN,NAN,NAN,NAN,NAN,NAN,NAN
100,08001,39.87432092,-104.3362578,NAN,NAN,NAN,NAN,NAN,NAN,NAN,NAN,NAN,NAN,NAN,NAN,NAN,NAN,NAN,NAN,NAN,NAN,NAN,NAN,NAN,NAN,NAN,NAN,NAN,NAN,NAN,NAN,NAN,NAN,NAN,NAN,NAN,NAN,NAN,NAN,NAN,NAN,NAN,NAN,NAN,NAN,NAN,NAN,NAN,NAN,NAN,NAN,NAN,NAN,NAN,NAN,NAN,NAN,NAN,NAN,NAN,NAN,NAN,NAN,NAN,NAN,NAN,NAN,NAN,NAN,NAN,NAN,NAN,NAN,NAN,NAN,NAN,NAN,NAN,NAN,NAN,NAN,NAN,NAN,NAN,NAN,NAN,NAN,NAN,NAN,NAN,NAN,NAN,NAN,NAN,NAN
101,12071,26.58410348,-81.88399313,NAN,NAN,NAN,NAN,NAN,NAN,NAN,NAN,NAN,NAN,NAN,NAN,NAN,NAN,NAN,NAN,NAN,NAN,NAN,NAN,NAN,NAN,NAN,NAN,NAN,NAN,NAN,NAN,NAN,NAN,NAN,NAN,NAN,NAN,NAN,NAN,NAN,NAN,NAN,NAN,NAN,NAN,NAN,NAN,NAN,NAN,NAN,NAN,NAN,NAN,NAN,NAN,NAN,NAN,NAN,NAN,NAN,NAN,NAN,NAN,NAN,NAN,NAN,NAN,NAN,NAN,NAN,NAN,NAN,NAN,NAN,NAN,NAN,NAN,NAN,NAN,NAN,NAN,NAN,NAN,NAN,NAN,NAN,NAN,NAN,NAN,NAN,NAN,NAN,NAN,NAN,NAN
102,09009,41.408032500000004,-72.93620426,NAN,NAN,NAN,NAN,NAN,NAN,NAN,NAN,NAN,NAN,NAN,NAN,NAN,NAN,NAN,NAN,NAN,NAN,NAN,NAN,NAN,NAN,NAN,NAN,NAN,NAN,NAN,NAN,NAN,NAN,NAN,NAN,NAN,NAN,NAN,NAN,NAN,NAN,NAN,NAN,NAN,NAN,NAN,NAN,NAN,NAN,NAN,NAN,NAN,NAN,NAN,NAN,NAN,NAN,NAN,NAN,NAN,NAN,NAN,NAN,NAN,NAN,NAN,NAN,NAN,NAN,NAN,NAN,NAN,NAN,NAN,NAN,NAN,NAN,NAN,NAN,NAN,NAN,NAN,NAN,NAN,NAN,NAN,NAN,NAN,NAN,NAN,NAN,NAN,NAN,NAN,NAN
103,12057,27.9276559,-82.32013172,NAN,NAN,NAN,NAN,NAN,NAN,NAN,NAN,NAN,NAN,NAN,NAN,NAN,NAN,NAN,NAN,NAN,NAN,NAN,NAN,NAN,NAN,NAN,NAN,NAN,NAN,NAN,NAN,NAN,NAN,NAN,NAN,NAN,NAN,NAN,NAN,NAN,NAN,NAN,NAN,NAN,NAN,NAN,NAN,NAN,NAN,NAN,NAN,NAN,NAN,NAN,NAN,NAN,NAN,NAN,NAN,NAN,NAN,NAN,NAN,NAN,NAN,NAN,NAN,NAN,NAN,NAN,NAN,NAN,NAN,NAN,NAN,NAN,NAN,NAN,NAN,NAN,NAN,NAN,NAN,NAN,NAN,NAN,NAN,NAN,NAN,NAN,NAN,NAN,NAN,NAN,NAN
104,13089,33.76944049,-84.22396017,11,7,17,17,21,18,17,15,21,20,26,42,52,14,12,43,36,18,21,25,46,21,27,32,23,30,40,36,29,26,53,26,29,13,16,44,50,31,22,32,30,51,37,96,26,44,54,14,24,32,17,17,6,10,22,19,13,14,29,13,11,15,17,24,24,36,24,18,35,53,51,37,14,10,14,27,52,92,78,29,37,9,17,29,21,25,20,25,23,40,41,27
105,13095,31.53328528,-84.21722377,NAN,NAN,NAN,NAN,NAN,NAN,NAN,NAN,NAN,NAN,NAN,NAN,NAN,NAN,NAN,NAN,NAN,NAN,NAN,NAN,NAN,NAN,NAN,NAN,NAN,NAN,NAN,NAN,NAN,NAN,NAN,NAN,NAN,NAN,NAN,NAN,NAN,NAN,NAN,NAN,NAN,NAN,NAN,NAN,NAN,NAN,NAN,NAN,NAN,NAN,NAN,NAN,NAN,NAN,NAN,NAN,NAN,NAN,NAN,NAN,NAN,NAN,NAN,NAN,NAN,NAN,NAN,NAN,NAN,NAN,NAN,NAN,NAN,NAN,NAN,NAN,NAN,NAN,NAN,NAN,NAN,NAN,NAN,NAN,NAN,NAN,NAN,NAN,NAN,NAN,NAN,NAN
106,47157,35.1864775,-89.89692423,26,17,12,8,14,12,7,9,12,19,9,17,48,14,5,8,16,12,7,11,20,19,12,20,25,16,17,16,15,21,37,38,30,12,7,6,12,20,14,44,15,25,25,41,17,28,57,37,11,32,15,13,5,7,18,14,13,9,12,7,7,15,18,17,24,42,17,7,25,30,32,59,34,5,12,39,40,63,41,19,53,20,6,12,18,40,13,14,17,22,29,56
107,44007,41.87064746,-71.57753536,10,6,9,9,9,10,16,10,17,11,12,22,20,36,21,24,17,13,15,22,20,21,17,27,17,17,25,25,32,19,35,NAN,29,15,27,19,25,21,19,29,22,26,30,60,19,53,68,11,19,24,15,24,6,9,12,21,13,13,12,12,8,13,20,19,NAN,NAN,NAN,13,37,42,43,32,9,9,13,21,36,59,46,28,39,8,10,17,21,15,14,18,21,23,35,30
108,42011,40.41570541,-75.92457766,NAN,NAN,NAN,NAN,NAN,NAN,NAN,NAN,NAN,NAN,NAN,NAN,NAN,NAN,NAN,NAN,NAN,NAN,NAN,NAN,NAN,NAN,NAN,NAN,NAN,NAN,NAN,NAN,NAN,NAN,NAN,NAN,NAN,NAN,NAN,NAN,NAN,NAN,NAN,NAN,NAN,NAN,NAN,NAN,NAN,NAN,NAN,NAN,NAN,NAN,NAN,NAN,NAN,NAN,NAN,NAN,NAN,NAN,NAN,NAN,NAN,NAN,NAN,NAN,NAN,NAN,NAN,NAN,NAN,NAN,NAN,NAN,NAN,NAN,NAN,NAN,NAN,NAN,NAN,NAN,NAN,NAN,NAN,NAN,NAN,NAN,NAN,NAN,NAN,NAN,NAN,NAN
109,46099,43.67441641,-96.7910885,NAN,NAN,NAN,NAN,NAN,NAN,NAN,NAN,NAN,NAN,NAN,NAN,NAN,NAN,NAN,NAN,NAN,NAN,NAN,NAN,NAN,NAN,NAN,NAN,NAN,NAN,NAN,NAN,NAN,NAN,NAN,NAN,NAN,NAN,NAN,NAN,NAN,NAN,NAN,NAN,NAN,NAN,NAN,NAN,NAN,NAN,NAN,NAN,NAN,NAN,NAN,NAN,NAN,NAN,NAN,NAN,NAN,NAN,NAN,NAN,NAN,NAN,NAN,NAN,NAN,NAN,NAN,NAN,NAN,NAN,NAN,NAN,NAN,NAN,NAN,NAN,NAN,NAN,NAN,NAN,NAN,NAN,NAN,NAN,NAN,NAN,NAN,NAN,NAN,NAN,NAN,NAN
